[
    {
        "actionName": "Action",
        "steps": [
            {
                "stepId": "STEP28",
                "stepName": "Url: welcome.pl",
                "infFile": "t2.inf",
                "time": 1673901662392
            },
            {
                "stepId": "STEP29",
                "stepName": "Submit Data: login.pl",
                "infFile": "t3.inf",
                "time": 1673901662796
            },
            {
                "stepId": "STEP30",
                "stepName": "Url: SignOff Button",
                "infFile": "t4.inf",
                "time": 1673901663148
            }
        ],
        "transactions": [
            {
                "transactionName": "01_login",
                "rawStartTime": 1673901662408,
                "rawEndTime": 1673901662817,
                "thinkTime": 0.0,
                "wastedTime": 0.07983160018920899
            },
            {
                "transactionName": "02_logout",
                "rawStartTime": 1673901662833,
                "rawEndTime": 1673901663181,
                "thinkTime": 0.0,
                "wastedTime": 0.07599878311157227
            }
        ]
    }
]