[
    {
        "actionName": "Action",
        "steps": [
            {
                "stepId": "STEP1",
                "stepName": "Url: welcome.pl",
                "infFile": "t2.inf",
                "time": 1673901650296
            },
            {
                "stepId": "STEP2",
                "stepName": "Submit Data: login.pl",
                "infFile": "t3.inf",
                "time": 1673901650798
            },
            {
                "stepId": "STEP3",
                "stepName": "Url: SignOff Button",
                "infFile": "t4.inf",
                "time": 1673901651394
            }
        ],
        "transactions": [
            {
                "transactionName": "01_login",
                "rawStartTime": 1673901650311,
                "rawEndTime": 1673901650816,
                "thinkTime": 0.0,
                "wastedTime": 0.013411521911621094
            },
            {
                "transactionName": "02_logout",
                "rawStartTime": 1673901650835,
                "rawEndTime": 1673901651415,
                "thinkTime": 0.0,
                "wastedTime": 0.017241716384887697
            }
        ]
    }
]