[
    {
        "actionName": "Action",
        "steps": [
            {
                "stepId": "STEP4",
                "stepName": "Url: welcome.pl",
                "infFile": "t2.inf",
                "time": 1673901651896
            },
            {
                "stepId": "STEP5",
                "stepName": "Submit Data: login.pl",
                "infFile": "t3.inf",
                "time": 1673901652269
            },
            {
                "stepId": "STEP6",
                "stepName": "Url: SignOff Button",
                "infFile": "t4.inf",
                "time": 1673901652571
            }
        ],
        "transactions": [
            {
                "transactionName": "01_login",
                "rawStartTime": 1673901651908,
                "rawEndTime": 1673901652289,
                "thinkTime": 0.0,
                "wastedTime": 0.017017126083374025
            },
            {
                "transactionName": "02_logout",
                "rawStartTime": 1673901652305,
                "rawEndTime": 1673901652591,
                "thinkTime": 0.0,
                "wastedTime": 0.011175870895385743
            }
        ]
    }
]