{"OutputFileHashSum":"C17B83EB0E5450C6020D228CFE658DDBDF055EC055568F7F42D2DE681454CD1B","Converted":true,"OutputModifyDate":"2023-01-15T13:45:47.3095972Z","Metadatas":[{"CategoryName":"VuGen.Replay","Offset":3177,"Length":23,"TypeId":1},{"CategoryName":"VuGen.Replay","Offset":22839,"Length":52,"TypeId":2},{"CategoryName":"VuGen.Replay","Offset":23756,"Length":81,"TypeId":3},{"CategoryName":"VuGen.Replay","Offset":23837,"Length":86,"TypeId":4},{"CategoryName":"VuGen.Replay","Offset":23923,"Length":82,"TypeId":3},{"CategoryName":"VuGen.Replay","Offset":28287,"Length":110,"TypeId":2},{"CategoryName":"VuGen.Replay","Offset":28397,"Length":57,"TypeId":2},{"CategoryName":"VuGen.Replay","Offset":74853,"Length":116,"TypeId":2},{"CategoryName":"VuGen.Replay","Offset":74969,"Length":63,"TypeId":2},{"CategoryName":"VuGen.Replay","Offset":76809,"Length":82,"TypeId":3},{"CategoryName":"VuGen.Replay","Offset":76891,"Length":87,"TypeId":4},{"CategoryName":"VuGen.Replay","Offset":76978,"Length":83,"TypeId":3},{"CategoryName":"VuGen.Replay","Offset":77061,"Length":82,"TypeId":3},{"CategoryName":"VuGen.Replay","Offset":77143,"Length":87,"TypeId":4},{"CategoryName":"VuGen.Replay","Offset":77230,"Length":83,"TypeId":3},{"CategoryName":"VuGen.Replay","Offset":88058,"Length":121,"TypeId":2},{"CategoryName":"VuGen.Replay","Offset":88179,"Length":56,"TypeId":2},{"CategoryName":"VuGen.Replay","Offset":101168,"Length":21,"TypeId":1},{"CategoryName":"VuGen.Replay","Offset":101234,"Length":163,"TypeId":5},{"CategoryName":"VuGen.Replay","Offset":101397,"Length":99,"TypeId":2},{"CategoryName":"VuGen.Replay","Offset":101496,"Length":56,"TypeId":4}],"MetadataTypes":[{"CategoryName":"VuGen.Replay","MetadataTypeName":"HP.LR.Vugen.Iteration","Id":1},{"CategoryName":"VuGen.Replay","MetadataTypeName":"HP.LR.Vugen.NotifyTransaction","Id":2},{"CategoryName":"VuGen.Replay","MetadataTypeName":"HP.LR.Vugen.NotifyParameterSubstitution","Id":3},{"CategoryName":"VuGen.Replay","MetadataTypeName":"HP.LR.Vugen.NotifyAny","Id":4},{"CategoryName":"VuGen.Replay","MetadataTypeName":"Utt.Debugger.Error","Id":5}]}