{"actions":[{"$type":"cache","key":{"uri":"www.localhost","inheritance":"all"},"maxAge":100800000000,"serverContext":"1;c5faad59-a2e3-31f2-b86e-aaf958e12824;PHSH:005;7E-05","responseCategory":"Allowed","result":{"$type":"allow"}}],"serverContext":"1;c5faad59-a2e3-31f2-b86e-aaf958e12824;PHSH:005;7E-05","result":{"$type":"allow","responseCategory":"Allowed","serverContext":"1;c5faad59-a2e3-31f2-b86e-aaf958e12824;PHSH:005;7E-05","feedbackUrl":"https://feedback.smartscreen.microsoft.com/feedback.aspx?v=6&t=12553&result=none&type=frame&ur=PHSH%3A005&osVer=10.0.22000.1335.co_release&prodGuid=381ddd1e-e600-42de-94ed-8c34bf73f16d&locale=ru-RU&fv=1.2.2211.6&dv=638004170464094982&url=aHR0cDovL2xvY2FsaG9zdDoxMDgwL2NnaS1iaW4vbmF2LnBsP3BhZ2U9bWVudSZpbj1mbGlnaHRz&refUrl=aHR0cDovL2xvY2FsaG9zdDoxMDgwL2NnaS1iaW4vd2VsY29tZS5wbD9wYWdlPXNlYXJjaA%3D%3D&hostIp=%3A%3A1&corrId=6fbfad16-69c7-4b58-8f8d-7913a09d6228"}}