{"UserHistory":{"V":2,"BingUserAccountType":2,"QuerySets":[{"Type":"recent","Queries":[{"Url":"/search?q=%D1%8F%D0%BD%D0%B4%D0%B5%D0%BA%D1%81.%D0%BF%D0%BE%D1%87%D1%82%D0%B0%20%D0%B2%D0%BE%D0%B9%D1%82%D0%B8","Text":"яндекс.почта войти"},{"Url":"/search?q=softwaretesting%20help%20loadrunner%20correlation","Text":"softwaretesting help loadrunner correlation"},{"Url":"/search?q=web%20tours%20buy%20ticket%20with%20correlation","Text":"web tours buy ticket with correlation"},{"Url":"/search?q=vugen%20correlation","Text":"vugen correlation"},{"Url":"/search?q=%D1%8F%D0%BD%D0%B4%D0%B5%D0%BA%D1%81%20%D0%BF%D0%BE%D1%87%D1%82%D0%B0%20%D0%B2%D1%85%D0%BE%D0%B4%20%D0%BD%D0%B0%20%D0%BF%D0%BE%D1%87%D1%82%D1%83","Text":"яндекс почта вход на почту"}]}],"Links":{"Clear":{"Url":"/profile/history/delete?rp=%2F"},"SeeAll":{"Url":"/profile/history"},"Disable":{"Url":"/historyHandler?oma=toggle_off&sig=0EA734770C8D6FAC363426E40DA56E02&rp=%2F"}}}}