{"treatments":[{"id":"prg-wpo-rvtlinear","experienceId":"EdgeChromiumLayoutOptimization-StaticRule-Feed-NegativeModel-SwitchBack-Shipped","rankerData":[{"name":"EdgeChromiumFeedPromotionNegativeModelSBWrapper","knobId":"prg-wpo-infoprm-ctrl","index":0,"score":9331.0,"timeConsumption":0.141,"isShadowRanker":false},{"name":"EdgeChromiumFeedPromotionNegativeModelSBWrapper","knobId":"prg-wpo-linear","index":1,"score":3544.0,"timeConsumption":0.1082,"isShadowRanker":false},{"name":"EdgeChromiumFeedPromotionNegativeModelSBWrapper","knobId":"prg-wpo-rvtlinear","index":2,"score":9897.0,"timeConsumption":0.1003,"isShadowRanker":false}],"properties":{"renderSingleColumn":false,"tmpl":"prg-wpo-rvtlinear","isControl":false,"layoutType":"PageFeedLayout"},"type":"layoutPromotion","tmpl":"prg-wpo-feedgv:1","arbiterResults":[{"name":"EdgeChromiumFeedPromotionNegativeModelSBWrapper","knobId":"prg-wpo-rvtlinear","index":2,"score":9897.0,"timeConsumption":0.1003,"isShadowRanker":false}]}]}