[
    {
        "actionName": "Action",
        "steps": [
            {
                "stepId": "STEP10",
                "stepName": "Url: welcome.pl",
                "infFile": "t2.inf",
                "time": 1673901654356
            },
            {
                "stepId": "STEP11",
                "stepName": "Submit Data: login.pl",
                "infFile": "t3.inf",
                "time": 1673901654654
            },
            {
                "stepId": "STEP12",
                "stepName": "Url: SignOff Button",
                "infFile": "t4.inf",
                "time": 1673901654977
            }
        ],
        "transactions": [
            {
                "transactionName": "01_login",
                "rawStartTime": 1673901654366,
                "rawEndTime": 1673901654683,
                "thinkTime": 0.0,
                "wastedTime": 0.028877973556518556
            },
            {
                "transactionName": "02_logout",
                "rawStartTime": 1673901654700,
                "rawEndTime": 1673901655000,
                "thinkTime": 0.0,
                "wastedTime": 0.01627969741821289
            }
        ]
    }
]