[
    {
        "actionName": "Action",
        "steps": [
            {
                "stepId": "STEP19",
                "stepName": "Url: welcome.pl",
                "infFile": "t2.inf",
                "time": 1673901658372
            },
            {
                "stepId": "STEP20",
                "stepName": "Submit Data: login.pl",
                "infFile": "t3.inf",
                "time": 1673901658678
            },
            {
                "stepId": "STEP21",
                "stepName": "Url: SignOff Button",
                "infFile": "t4.inf",
                "time": 1673901659097
            }
        ],
        "transactions": [
            {
                "transactionName": "01_login",
                "rawStartTime": 1673901658374,
                "rawEndTime": 1673901658708,
                "thinkTime": 0.0,
                "wastedTime": 0.039786577224731448
            },
            {
                "transactionName": "02_logout",
                "rawStartTime": 1673901658725,
                "rawEndTime": 1673901659120,
                "thinkTime": 0.0,
                "wastedTime": 0.0320589542388916
            }
        ]
    }
]