[
    {
        "actionName": "Action",
        "steps": [
            {
                "stepId": "STEP22",
                "stepName": "Url: welcome.pl",
                "infFile": "t2.inf",
                "time": 1673901659620
            },
            {
                "stepId": "STEP23",
                "stepName": "Submit Data: login.pl",
                "infFile": "t3.inf",
                "time": 1673901659979
            },
            {
                "stepId": "STEP24",
                "stepName": "Url: SignOff Button",
                "infFile": "t4.inf",
                "time": 1673901660481
            }
        ],
        "transactions": [
            {
                "transactionName": "01_login",
                "rawStartTime": 1673901659628,
                "rawEndTime": 1673901660009,
                "thinkTime": 0.0,
                "wastedTime": 0.05654573440551758
            },
            {
                "transactionName": "02_logout",
                "rawStartTime": 1673901660045,
                "rawEndTime": 1673901660500,
                "thinkTime": 0.0,
                "wastedTime": 0.06863760948181153
            }
        ]
    }
]