{"OutputFileHashSum":"1F60875C029E3B3F8800B78F4246641AD9CCC12168A5E9534D5C2BB56F2F5507","Converted":true,"OutputModifyDate":"2023-01-16T20:41:03.2093851Z","Metadatas":[{"CategoryName":"VuGen.Replay","Offset":547,"Length":23,"TypeId":1},{"CategoryName":"VuGen.Replay","Offset":2898,"Length":55,"TypeId":2},{"CategoryName":"VuGen.Replay","Offset":4483,"Length":113,"TypeId":2},{"CategoryName":"VuGen.Replay","Offset":4596,"Length":56,"TypeId":2},{"CategoryName":"VuGen.Replay","Offset":5744,"Length":114,"TypeId":2},{"CategoryName":"VuGen.Replay","Offset":5881,"Length":21,"TypeId":1},{"CategoryName":"VuGen.Replay","Offset":5902,"Length":23,"TypeId":1},{"CategoryName":"VuGen.Replay","Offset":8175,"Length":55,"TypeId":2},{"CategoryName":"VuGen.Replay","Offset":9760,"Length":113,"TypeId":2},{"CategoryName":"VuGen.Replay","Offset":9873,"Length":56,"TypeId":2},{"CategoryName":"VuGen.Replay","Offset":11021,"Length":114,"TypeId":2},{"CategoryName":"VuGen.Replay","Offset":11158,"Length":21,"TypeId":1},{"CategoryName":"VuGen.Replay","Offset":11179,"Length":23,"TypeId":1},{"CategoryName":"VuGen.Replay","Offset":13452,"Length":55,"TypeId":2},{"CategoryName":"VuGen.Replay","Offset":15037,"Length":113,"TypeId":2},{"CategoryName":"VuGen.Replay","Offset":15150,"Length":56,"TypeId":2},{"CategoryName":"VuGen.Replay","Offset":16298,"Length":114,"TypeId":2},{"CategoryName":"VuGen.Replay","Offset":16435,"Length":21,"TypeId":1},{"CategoryName":"VuGen.Replay","Offset":16456,"Length":23,"TypeId":1},{"CategoryName":"VuGen.Replay","Offset":18729,"Length":55,"TypeId":2},{"CategoryName":"VuGen.Replay","Offset":20314,"Length":113,"TypeId":2},{"CategoryName":"VuGen.Replay","Offset":20427,"Length":56,"TypeId":2},{"CategoryName":"VuGen.Replay","Offset":21575,"Length":114,"TypeId":2},{"CategoryName":"VuGen.Replay","Offset":21712,"Length":21,"TypeId":1},{"CategoryName":"VuGen.Replay","Offset":21733,"Length":23,"TypeId":1},{"CategoryName":"VuGen.Replay","Offset":24006,"Length":55,"TypeId":2},{"CategoryName":"VuGen.Replay","Offset":25591,"Length":113,"TypeId":2},{"CategoryName":"VuGen.Replay","Offset":25704,"Length":56,"TypeId":2},{"CategoryName":"VuGen.Replay","Offset":26852,"Length":114,"TypeId":2},{"CategoryName":"VuGen.Replay","Offset":26989,"Length":21,"TypeId":1},{"CategoryName":"VuGen.Replay","Offset":27010,"Length":23,"TypeId":1},{"CategoryName":"VuGen.Replay","Offset":29283,"Length":55,"TypeId":2},{"CategoryName":"VuGen.Replay","Offset":30868,"Length":113,"TypeId":2},{"CategoryName":"VuGen.Replay","Offset":30981,"Length":56,"TypeId":2},{"CategoryName":"VuGen.Replay","Offset":32129,"Length":114,"TypeId":2},{"CategoryName":"VuGen.Replay","Offset":32266,"Length":21,"TypeId":1},{"CategoryName":"VuGen.Replay","Offset":32287,"Length":23,"TypeId":1},{"CategoryName":"VuGen.Replay","Offset":34560,"Length":55,"TypeId":2},{"CategoryName":"VuGen.Replay","Offset":36145,"Length":113,"TypeId":2},{"CategoryName":"VuGen.Replay","Offset":36258,"Length":56,"TypeId":2},{"CategoryName":"VuGen.Replay","Offset":37406,"Length":114,"TypeId":2},{"CategoryName":"VuGen.Replay","Offset":37543,"Length":21,"TypeId":1},{"CategoryName":"VuGen.Replay","Offset":37564,"Length":23,"TypeId":1},{"CategoryName":"VuGen.Replay","Offset":39837,"Length":55,"TypeId":2},{"CategoryName":"VuGen.Replay","Offset":41422,"Length":113,"TypeId":2},{"CategoryName":"VuGen.Replay","Offset":41535,"Length":56,"TypeId":2},{"CategoryName":"VuGen.Replay","Offset":42683,"Length":114,"TypeId":2},{"CategoryName":"VuGen.Replay","Offset":42820,"Length":21,"TypeId":1},{"CategoryName":"VuGen.Replay","Offset":42841,"Length":23,"TypeId":1},{"CategoryName":"VuGen.Replay","Offset":45114,"Length":55,"TypeId":2},{"CategoryName":"VuGen.Replay","Offset":46699,"Length":113,"TypeId":2},{"CategoryName":"VuGen.Replay","Offset":46812,"Length":56,"TypeId":2},{"CategoryName":"VuGen.Replay","Offset":47960,"Length":114,"TypeId":2},{"CategoryName":"VuGen.Replay","Offset":48097,"Length":21,"TypeId":1},{"CategoryName":"VuGen.Replay","Offset":48118,"Length":24,"TypeId":1},{"CategoryName":"VuGen.Replay","Offset":50392,"Length":55,"TypeId":2},{"CategoryName":"VuGen.Replay","Offset":51977,"Length":113,"TypeId":2},{"CategoryName":"VuGen.Replay","Offset":52090,"Length":56,"TypeId":2},{"CategoryName":"VuGen.Replay","Offset":53238,"Length":114,"TypeId":2},{"CategoryName":"VuGen.Replay","Offset":53375,"Length":22,"TypeId":1}],"MetadataTypes":[{"CategoryName":"VuGen.Replay","MetadataTypeName":"HP.LR.Vugen.Iteration","Id":1},{"CategoryName":"VuGen.Replay","MetadataTypeName":"HP.LR.Vugen.NotifyTransaction","Id":2},{"CategoryName":"VuGen.Replay","MetadataTypeName":"Utt.Debugger.Error","Id":3}]}