﻿<DataObject comparison="Ordinal">
  <Section id="">
    <Subsections>
      <Section id="General">
        <Subsections />
        <Entries>
          <Entry key="ElapsedTime">
            <double>14.1398488</double>
          </Entry>
          <Entry key="StartedAt">
            <dateTime>2023-01-16T23:40:49.1925393+03:00</dateTime>
          </Entry>
          <Entry key="EndedAt">
            <dateTime>2023-01-16T23:41:03.3323881+03:00</dateTime>
          </Entry>
          <Entry key="ReplayStatus">
            <LastReplayRunStatus>Passed</LastReplayRunStatus>
          </Entry>
          <Entry key="NumberOfReplayErrors">
            <int>0</int>
          </Entry>
          <Entry key="NumberOfReplayCriticalErrors">
            <int>0</int>
          </Entry>
          <Entry key="NumberOfCompilationErrors">
            <int>0</int>
          </Entry>
        </Entries>
      </Section>
    </Subsections>
    <Entries>
      <Entry key="Iterations">
        <int>10</int>
      </Entry>
    </Entries>
  </Section>
</DataObject>