[
    {
        "actionName": "Action",
        "steps": [
            {
                "stepId": "STEP7",
                "stepName": "Url: welcome.pl",
                "infFile": "t2.inf",
                "time": 1673901653079
            },
            {
                "stepId": "STEP8",
                "stepName": "Submit Data: login.pl",
                "infFile": "t3.inf",
                "time": 1673901653372
            },
            {
                "stepId": "STEP9",
                "stepName": "Url: SignOff Button",
                "infFile": "t4.inf",
                "time": 1673901653877
            }
        ],
        "transactions": [
            {
                "transactionName": "01_login",
                "rawStartTime": 1673901653083,
                "rawEndTime": 1673901653401,
                "thinkTime": 0.0,
                "wastedTime": 0.01949334144592285
            },
            {
                "transactionName": "02_logout",
                "rawStartTime": 1673901653417,
                "rawEndTime": 1673901653908,
                "thinkTime": 0.0,
                "wastedTime": 0.03204917907714844
            }
        ]
    }
]