[
    {
        "actionName": "Action",
        "steps": [
            {
                "stepId": "STEP13",
                "stepName": "Url: welcome.pl",
                "infFile": "t2.inf",
                "time": 1673901655863
            },
            {
                "stepId": "STEP14",
                "stepName": "Submit Data: login.pl",
                "infFile": "t3.inf",
                "time": 1673901656222
            },
            {
                "stepId": "STEP15",
                "stepName": "Url: SignOff Button",
                "infFile": "t4.inf",
                "time": 1673901656620
            }
        ],
        "transactions": [
            {
                "transactionName": "01_login",
                "rawStartTime": 1673901655880,
                "rawEndTime": 1673901656242,
                "thinkTime": 0.0,
                "wastedTime": 0.05083608627319336
            },
            {
                "transactionName": "02_logout",
                "rawStartTime": 1673901656258,
                "rawEndTime": 1673901656640,
                "thinkTime": 0.0,
                "wastedTime": 0.028888225555419923
            }
        ]
    }
]