[
    {
        "actionName": "Action",
        "steps": [
            {
                "stepId": "STEP25",
                "stepName": "Url: welcome.pl",
                "infFile": "t2.inf",
                "time": 1673901661033
            },
            {
                "stepId": "STEP26",
                "stepName": "Submit Data: login.pl",
                "infFile": "t3.inf",
                "time": 1673901661470
            },
            {
                "stepId": "STEP27",
                "stepName": "Url: SignOff Button",
                "infFile": "t4.inf",
                "time": 1673901661867
            }
        ],
        "transactions": [
            {
                "transactionName": "01_login",
                "rawStartTime": 1673901661041,
                "rawEndTime": 1673901661502,
                "thinkTime": 0.0,
                "wastedTime": 0.05929112434387207
            },
            {
                "transactionName": "02_logout",
                "rawStartTime": 1673901661519,
                "rawEndTime": 1673901661900,
                "thinkTime": 0.0,
                "wastedTime": 0.049675941467285159
            }
        ]
    }
]