[
    {
        "actionName": "Action",
        "steps": [
            {
                "stepId": "STEP16",
                "stepName": "Url: welcome.pl",
                "infFile": "t2.inf",
                "time": 1673901657112
            },
            {
                "stepId": "STEP17",
                "stepName": "Submit Data: login.pl",
                "infFile": "t3.inf",
                "time": 1673901657418
            },
            {
                "stepId": "STEP18",
                "stepName": "Url: SignOff Button",
                "infFile": "t4.inf",
                "time": 1673901657831
            }
        ],
        "transactions": [
            {
                "transactionName": "01_login",
                "rawStartTime": 1673901657118,
                "rawEndTime": 1673901657436,
                "thinkTime": 0.0,
                "wastedTime": 0.034137725830078128
            },
            {
                "transactionName": "02_logout",
                "rawStartTime": 1673901657453,
                "rawEndTime": 1673901657851,
                "thinkTime": 0.0,
                "wastedTime": 0.028348445892333986
            }
        ]
    }
]